"","151 FLO CRUZ","155 FLO CRUZ","149 FLO CRUZ","148 FLO CRUZ","156 FLO CRUZ","154 FLO CRUZ","152 FLO CRUZ","146 FLO CRUZ"
"151 FLO CRUZ",0,1808.2708664369,667.857989391129,859.879878775987,1369.92034137184,1119.34642099804,363.546541390742,960.109446925279
"155 FLO CRUZ",1808.2708664369,0,2446.73899660001,2638.76088598487,697.589379820217,718.314304667013,1444.72432504616,2738.99045413416
"149 FLO CRUZ",667.857989391129,2446.73899660001,0,192.021889384858,2008.38847153496,1757.81455116115,1002.01467155386,292.251457534287
"148 FLO CRUZ",859.879878775987,2638.76088598487,192.021889384858,0,2200.41036091981,1949.83644054601,1194.03656093872,100.229568149429
"156 FLO CRUZ",1369.92034137184,697.589379820217,2008.38847153496,2200.41036091981,0,250.573920373805,1006.3737999811,2300.63992906911
"154 FLO CRUZ",1119.34642099804,718.314304667013,1757.81455116115,1949.83644054601,250.573920373805,0,755.799879607295,2050.0660086953
"152 FLO CRUZ",363.546541390742,1444.72432504616,1002.01467155386,1194.03656093872,1006.3737999811,755.799879607295,0,1294.26612908801
"146 FLO CRUZ",960.109446925279,2738.99045413416,292.251457534287,100.229568149429,2300.63992906911,2050.0660086953,1294.26612908801,0
